scenario,experiment,hazard_train,lang_train,train_1,train_0,hazard_test,lang_test,test_1,test_0,features,train_auc,train_f1,train_f1_macro,test_auc,test_prec,test_top_prec,test_th_prec,test_rec,test_top_rec,test_th_rec,test_f1,test_top_f1,test_th_top_f1,test_prec_macro,test_top_prec_macro,test_th_prec_macro,test_rec_macro,test_top_rec_macro,test_th_rec_macro,test_f1_macro,test_top_f1_macro,test_th_top_f1_macro,test_prec_micro,test_top_prec_micro,test_th_prec_micro,test_rec_micro,test_top_rec_micro,test_th_rec_micro,test_f1_micro,test_top_f1_micro,test_th_top_f1_micro,test_kappa,test_top_kappa,test_th_kappa,test_youden,prec_0,prec_1,rec_0,rec_1,f1_0,f1_1,f1_macro,accuracy,prec_kappa_0,prec_kappa_1,rec_kappa_0,rec_kappa_1,f1_kappa_0,f1_kappa_1,f1_kappa_macro,accuracy_kappa,prec_youden_0,prec_youden_1,rec_youden_0,rec_youden_1,f1_youden_0,f1_youden_1,f1_youden_macro,accuracy_youden,prec_dummy_0,prec_dummy_1,rec_dummy_0,rec_dummy_1,f1_dummy_0,f1_dummy_1,f1_dummy_macro,accuracy_dummy
(a) Monolingual and Mono-Domain,EN_flood,flood,en,5173,5173,flood,en,8272,8272,MUSE+LF,1.0,1.0,1.0,0.9581044314978356,0.8691040397201535,1.0,1.0,0.9310928433268859,1.0,0.0,0.8990311661024863,0.8990311661024863,0.5,0.897452306243831,0.8979122418634295,0.55,0.8954303675048356,0.8979086073500967,0.55,0.8952972052149639,0.8979083742249652,0.55,0.8954303675048356,0.8979086073500967,0.55,0.8954303675048356,0.8979086073500967,0.55,0.8954303675048356,0.8979086073500967,0.55,0.7908607350096712,0.7958172147001934,0.55,0.53,0.9258005727675085,0.8691040397201535,0.8597678916827853,0.9310928433268859,0.8915632443274414,0.8990311661024863,0.8952972052149639,0.8954303675048356,0.8991148296350188,0.8967096540918404,0.8963974854932302,0.8994197292069632,0.8977541013378534,0.8980626471120768,0.8979083742249652,0.8979086073500967,0.9103122278890409,0.8878306878306879,0.8846711798839458,0.9128384912959381,0.8973085647722395,0.9001609346128628,0.8987347496925512,0.898754835589942,0.0,0.5,0.0,1.0,0.0,0.6666666666666666,0.3333333333333333,0.5
(a) Monolingual and Mono-Domain,EN_quake,earthquake,en,5607,5607,earthquake,en,8611,8611,MUSE+LF,1.0,1.0,1.0,0.8937084332842373,0.8316831683168316,0.9845360824742269,0.8500000000000001,0.8096620601556149,1.0,0.0,0.8205248911380486,0.8205248911380486,0.5,0.8231274762276544,0.8231274762276544,0.5,0.8229009406572988,0.8229009406572988,0.5,0.8228698954257578,0.8228698954257578,0.5,0.8229009406572988,0.8229009406572988,0.5,0.8229009406572988,0.8229009406572988,0.5,0.8229009406572988,0.8229009406572988,0.5,0.6458018813145976,0.6458018813145976,0.5,0.51,0.8145717841384772,0.8316831683168316,0.8361398211589827,0.8096620601556149,0.8252148997134671,0.8205248911380486,0.8228698954257578,0.8229009406572988,0.8145717841384772,0.8316831683168316,0.8361398211589827,0.8096620601556149,0.8252148997134671,0.8205248911380486,0.8228698954257578,0.8229009406572988,0.8061291739894552,0.8433111603843311,0.8522819649285798,0.7950296132853327,0.8285633643804685,0.8184589634765975,0.8235111639285331,0.8236557891069562,0.0,0.5,0.0,1.0,0.0,0.6666666666666666,0.3333333333333333,0.5
(a) Monolingual and Mono-Domain,ES_quake,earthquake,es,1411,1411,earthquake,es,2507,2507,MUSE+LF,1.0,1.0,1.0,0.8972967434303217,0.7235067437379576,1.0,1.0,0.8986836856800957,1.0,0.0,0.8016367194449386,0.8121693121693122,0.55,0.7949112666058209,0.8281201919125594,0.7000000000000001,0.7776226565616274,0.819305943358596,0.65,0.774315069502365,0.8181485845827631,0.65,0.7776226565616274,0.819305943358596,0.65,0.7776226565616274,0.819305943358596,0.65,0.7776226565616274,0.8193059433585961,0.65,0.5552453131232549,0.6386118867171919,0.65,0.63,0.8663157894736843,0.7235067437379576,0.6565616274431592,0.8986836856800957,0.7469934195597913,0.8016367194449386,0.774315069502365,0.7776226565616274,0.7753697970416237,0.8799240626483151,0.8990825688073395,0.7395293179098524,0.8326560768378279,0.8036410923276982,0.8181485845827631,0.819305943358596,0.7892844300611291,0.8602776533811016,0.8755484642999601,0.7662544874351815,0.8301815431164902,0.8105485232067511,0.8203650331616206,0.8209014758675708,0.0,0.5,0.0,1.0,0.0,0.6666666666666666,0.3333333333333333,0.5
(a) Monolingual and Mono-Domain,IT_quake,earthquake,it,760,760,earthquake,it,698,698,MUSE+LF,1.0,1.0,1.0,0.8248218405431811,0.5756521739130435,1.0,0.9,0.9484240687679083,1.0,0.0,0.7164502164502164,0.7457404980340762,0.6000000000000001,0.7146553552492046,0.7755174737652835,0.8,0.6246418338108882,0.7464183381088825,0.7000000000000001,0.5806827353437523,0.7421203438395415,0.65,0.6246418338108882,0.7464183381088825,0.7000000000000001,0.6246418338108882,0.7464183381088825,0.7000000000000001,0.6246418338108882,0.7464183381088825,0.7000000000000001,0.24928366762177645,0.49283667621776506,0.7000000000000001,0.68,0.8536585365853658,0.5756521739130435,0.3008595988538682,0.9484240687679083,0.4449152542372881,0.7164502164502164,0.5806827353437523,0.6246418338108882,0.6911111111111111,0.8467741935483871,0.8911174785100286,0.6017191977077364,0.7784730913642053,0.7035175879396985,0.740995339651952,0.7464183381088825,0.718865598027127,0.8034188034188035,0.835243553008596,0.673352435530086,0.7726971504307488,0.7326578332034295,0.7526774918170891,0.754297994269341,0.0,0.5,0.0,1.0,0.0,0.6666666666666666,0.3333333333333333,0.5
(b) Monolingual and Cross-Domain,EN_expl,earthquake_flood,en,25831,25831,explosion,en,4415,4641,MUSE+LF,1.0,1.0,1.0,0.9718065604149144,0.9562841530054644,1.0,0.9500000000000001,0.8323895809739524,1.0,0.0,0.8900460159844997,0.9151425650346474,0.4,0.9071656713617385,0.917526591568967,0.4,0.898095242975664,0.9173873957632535,0.4,0.8989503471438635,0.9174488203839044,0.4,0.8997349823321554,0.9175132508833922,0.4,0.8997349823321554,0.9175132508833922,0.4,0.8997349823321554,0.9175132508833922,0.4,0.798710026384333,0.8348991095020228,0.4,0.39,0.8580471897180126,0.9562841530054644,0.9638009049773756,0.8323895809739524,0.9078546783032272,0.8900460159844997,0.8989503471438635,0.8997349823321554,0.9170951156812339,0.9179580674567,0.9224305106658048,0.9123442808607022,0.9197550757331615,0.9151425650346474,0.9174488203839044,0.9175132508833922,0.9242490204614715,0.9114746750336172,0.9148890325360913,0.9211778029445074,0.9195452084461287,0.9163005519882843,0.9179228802172066,0.9179549469964664,0.5124779151943463,0.0,1.0,0.0,0.6776666423304374,0.0,0.3388333211652187,0.5124779151943463
(b) Monolingual and Cross-Domain,EN_flood,explosion_earthquake,en,17209,17209,flood,en,8272,8272,MUSE+LF,1.0,1.0,1.0,0.9381286719968835,0.8661341079641733,1.0,0.9500000000000001,0.8650870406189555,1.0,0.0,0.8656102576509012,0.8656102576509012,0.5,0.8656920237961412,0.8656920237961412,0.5,0.865691489361702,0.865691489361702,0.5,0.8656914402909575,0.8656914402909575,0.5,0.8656914893617021,0.8656914893617021,0.5,0.8656914893617021,0.8656914893617021,0.5,0.8656914893617021,0.8656914893617021,0.5,0.7313829787234043,0.7313829787234043,0.5,0.52,0.8652499396281091,0.8661341079641733,0.8662959381044487,0.8650870406189555,0.8657726229310136,0.8656102576509012,0.8656914402909575,0.8656914893617021,0.8652499396281091,0.8661341079641733,0.8662959381044487,0.8650870406189555,0.8657726229310136,0.8656102576509012,0.8656914402909575,0.8656914893617021,0.8525655908985372,0.8829760403530895,0.8878143133462283,0.8464700193423598,0.869832997749615,0.8643377360819652,0.8670853669157901,0.867142166344294,0.0,0.5,0.0,1.0,0.0,0.6666666666666666,0.3333333333333333,0.5
(b) Monolingual and Cross-Domain,EN_quake,explosion_flood,en,17860,17860,earthquake,en,8611,8611,MUSE+LF,1.0,1.0,1.0,0.9350592165233719,0.8067068948461766,0.9597902097902098,0.9500000000000001,0.9470444779932644,1.0,0.0,0.8712606837606838,0.8735391400220507,0.55,0.8712994617630292,0.8712994617630292,0.5,0.8600627104865869,0.8667982812681454,0.55,0.858995897718551,0.8664187358598967,0.55,0.8600627104865869,0.8667982812681454,0.55,0.8600627104865869,0.8667982812681454,0.55,0.8600627104865868,0.8667982812681454,0.55,0.7201254209731738,0.7335965625362908,0.55,0.59,0.9358920286798819,0.8067068948461766,0.7730809429799094,0.9470444779932644,0.8467311116764181,0.8712606837606838,0.858995897718551,0.8600627104865869,0.9105680488756012,0.8314618532899569,0.8134943676692602,0.9201021948670305,0.8592983316977428,0.8735391400220507,0.8664187358598967,0.8667982812681454,0.886504937218091,0.851535646967513,0.8445012193705725,0.8918824759029149,0.8649934578327585,0.871242200794101,0.8681178293134297,0.8681918476367437,0.0,0.5,0.0,1.0,0.0,0.6666666666666666,0.3333333333333333,0.5
(b) Monolingual and Cross-Domain,ES_expl,earthquake,es,2091,2091,explosion,es,747,747,MUSE+LF,1.0,1.0,1.0,0.8457005173751678,0.8068181818181818,1.0,0.8,0.6653279785809906,1.0,0.0,0.7292736610418196,0.7703097603740502,0.4,0.7610400704079519,0.7712418300653595,0.25,0.7530120481927711,0.7530120481927711,0.5,0.7510983689824482,0.7510983689824482,0.5,0.7530120481927711,0.7530120481927711,0.5,0.7530120481927711,0.7530120481927711,0.5,0.7530120481927711,0.7530120481927711,0.5,0.5060240963855422,0.5060240963855422,0.5,0.47,0.715261958997722,0.8068181818181818,0.8406961178045516,0.6653279785809906,0.7729230769230769,0.7292736610418196,0.7510983689824482,0.7530120481927711,0.715261958997722,0.8068181818181818,0.8406961178045516,0.6653279785809906,0.7729230769230769,0.7292736610418196,0.7510983689824482,0.7530120481927711,0.7558746736292428,0.7692307692307693,0.7751004016064257,0.749665327978581,0.7653668208856576,0.7593220338983051,0.7623444273919813,0.7623828647925034,0.0,0.5,0.0,1.0,0.0,0.6666666666666666,0.3333333333333333,0.5
(b) Monolingual and Cross-Domain,ES_quake,explosion,es,75,75,earthquake,es,2507,2507,MUSE+LF,1.0,1.0,1.0,0.7980432610787919,0.6231184322635615,1.0,0.8500000000000001,0.8751495811727164,1.0,0.0,0.727936297279363,0.7303065580131936,0.55,0.706736711108338,0.7501996007984032,0.8500000000000001,0.6729158356601516,0.7227762265656162,0.55,0.6589681486396816,0.7225599265240362,0.55,0.6729158356601516,0.7227762265656162,0.55,0.6729158356601516,0.7227762265656162,0.55,0.6729158356601516,0.7227762265656162,0.55,0.3458316713203031,0.4455524531312326,0.55,0.59,0.7903549899531145,0.6231184322635615,0.4706820901475868,0.8751495811727164,0.5900000000000001,0.727936297279363,0.6589681486396816,0.6729158356601516,0.7359526827207435,0.7109935776350585,0.694854407658556,0.7506980454726765,0.7148132950348789,0.7303065580131936,0.7225599265240362,0.7227762265656162,0.6885354539430086,0.7850701402805611,0.8288791384124452,0.6250498603909055,0.7522171945701358,0.6959804574727959,0.7240988260214658,0.7269644994016753,0.0,0.5,0.0,1.0,0.0,0.6666666666666666,0.3333333333333333,0.5
(b) Monolingual and Cross-Domain,IT_flood,earthquake,it,1057,1057,flood,it,1759,1759,MUSE+LF,0.9999999999999999,1.0,1.0,0.8398228747081928,0.6949313121743249,1.0,0.8500000000000001,0.8339965889710063,1.0,0.0,0.7581395348837209,0.7581395348837209,0.5,0.7436987762008795,0.775530002936724,0.65,0.7339397384877772,0.7524161455372371,0.55,0.7312491736326374,0.7521953977821321,0.55,0.7339397384877772,0.752416145537237,0.55,0.7339397384877772,0.752416145537237,0.55,0.7339397384877772,0.7524161455372371,0.55,0.4678794769755543,0.5048322910744741,0.55,0.56,0.7924662402274343,0.6949313121743249,0.6338828880045481,0.8339965889710063,0.704358812381554,0.7581395348837209,0.7312491736326374,0.7339397384877772,0.7381974248927039,0.7684401451027811,0.7822626492325184,0.7225696418419557,0.7595914987579354,0.7447992968063287,0.7521953977821321,0.752416145537237,0.7304928131416838,0.7859872611464969,0.808982376350199,0.7015349630471859,0.7677367143242514,0.7413637729047762,0.7545502436145137,0.7552586696986925,0.0,0.5,0.0,1.0,0.0,0.6666666666666666,0.3333333333333333,0.5
(b) Monolingual and Cross-Domain,IT_quake,flood,it,207,207,earthquake,it,698,698,MUSE+LF,1.0,1.0,1.0,0.8365407508969549,0.6433637284701115,1.0,0.9,0.9097421203438395,1.0,0.0,0.7537091988130563,0.7628294036061026,0.55,0.7446647493206303,0.7782962074441531,0.6000000000000001,0.7027220630372493,0.7550143266475644,0.55,0.6894110583044505,0.7547480351363847,0.55,0.7027220630372493,0.7550143266475645,0.55,0.7027220630372493,0.7550143266475645,0.55,0.7027220630372493,0.7550143266475645,0.55,0.40544412607449853,0.5100286532951289,0.55,0.58,0.8459657701711492,0.6433637284701115,0.49570200573065903,0.9097421203438395,0.6251129177958447,0.7537091988130563,0.6894110583044505,0.7027220630372493,0.7730061349693251,0.739247311827957,0.7220630372492837,0.7879656160458453,0.7466666666666667,0.7628294036061026,0.7547480351363847,0.7550143266475645,0.7327365728900256,0.7964169381107492,0.8209169054441261,0.7005730659025788,0.7743243243243244,0.7454268292682927,0.7598755767963086,0.7607449856733525,0.0,0.5,0.0,1.0,0.0,0.6666666666666666,0.3333333333333333,0.5
(c) Cross-lingual and Mono-Domain,ES_expl,explosion,en,4641,4641,explosion,es,747,747,MUSE+LF,1.0,1.0,1.0,0.8203675926373947,0.7410468319559229,1.0,0.8500000000000001,0.7202141900937081,1.0,0.0,0.7304820095044128,0.7763157894736841,0.4,0.7344557076446281,0.7885931474994848,0.30000000000000004,0.7342704149933066,0.7463186077643909,0.45,0.7342179024419754,0.7431861506496475,0.45,0.7342704149933066,0.7463186077643909,0.45,0.7342704149933066,0.7463186077643909,0.45,0.7342704149933067,0.7463186077643909,0.45,0.46854082998661317,0.4926372155287818,0.45,0.49,0.7278645833333334,0.7410468319559229,0.7483266398929049,0.7202141900937081,0.737953795379538,0.7304820095044128,0.7342179024419754,0.7342704149933066,0.8161512027491409,0.7017543859649122,0.6358768406961178,0.856760374832664,0.7148231753197892,0.7715491259795058,0.7431861506496475,0.7463186077643909,0.7572815533980582,0.7399741267787839,0.7309236947791165,0.7657295850066934,0.7438692098092644,0.7526315789473684,0.7482503943783164,0.7483266398929049,0.0,0.5,0.0,1.0,0.0,0.6666666666666666,0.3333333333333333,0.5
(c) Cross-lingual and Mono-Domain,IT_flood,flood,en,13337,13337,flood,it,1759,1759,MUSE+LF,1.0,1.0,1.0,0.8929284656736525,0.7972027972027972,1.0,0.9,0.8425241614553723,1.0,0.0,0.8192371475953566,0.8338947913967348,0.45,0.8151173720793974,0.8315680456408934,0.4,0.8140989198408186,0.8177942012507107,0.45,0.8139485913518034,0.8160660611059847,0.45,0.8140989198408186,0.8177942012507107,0.45,0.8140989198408186,0.8177942012507107,0.45,0.8140989198408186,0.8177942012507108,0.45,0.6281978396816372,0.6355884025014212,0.45,0.48,0.8330319469559976,0.7972027972027972,0.7856736782262649,0.8425241614553723,0.8086600351082504,0.8192371475953566,0.8139485913518034,0.8140989198408186,0.8942172073342737,0.7661904761904762,0.7208641273450824,0.9147242751563388,0.7982373308152344,0.8338947913967348,0.8160660611059847,0.8177942012507107,0.8565051020408163,0.7866666666666666,0.763501989766913,0.8720864127345083,0.8073339344755035,0.8271771366945267,0.8172555355850151,0.8177942012507107,0.0,0.5,0.0,1.0,0.0,0.6666666666666666,0.3333333333333333,0.5
(c) Cross-lingual and Mono-Domain,ES_quake,earthquake,en,9162,9162,earthquake,es,2507,2507,MUSE+LF,1.0,1.0,1.0,0.8449979467144966,0.6412492965672482,1.0,0.9,0.9090546469884324,1.0,0.0,0.7520211186272892,0.7743279060961757,0.55,0.7425424565028022,0.7814260144432719,0.6000000000000001,0.7002393298763463,0.7622656561627443,0.55,0.6865726969491374,0.7615845177341394,0.55,0.7002393298763462,0.7622656561627443,0.55,0.7002393298763462,0.7622656561627443,0.55,0.7002393298763462,0.7622656561627442,0.55,0.4004786597526925,0.5245313123254887,0.55,0.57,0.8438356164383561,0.6412492965672482,0.49142401276426007,0.9090546469884324,0.6211242752709856,0.7520211186272892,0.6865726969491374,0.7002393298763462,0.7936578829834747,0.736936936936937,0.7088153171120861,0.8157159952134024,0.7488411293721029,0.7743279060961757,0.7615845177341394,0.7622656561627443,0.7647058823529411,0.7776869636289334,0.7830075787794176,0.7590745911447946,0.7737485218762317,0.7682680662091239,0.7710082940426778,0.7710410849621061,0.0,0.5,0.0,1.0,0.0,0.6666666666666666,0.3333333333333333,0.5
(c) Cross-lingual and Mono-Domain,IT_quake,earthquake,en,10213,10213,earthquake,it,698,698,MUSE+LF,1.0,1.0,1.0,0.8500853851774616,0.7278562259306803,1.0,0.9,0.8123209169054442,1.0,0.0,0.7677725118483412,0.7677725118483412,0.5,0.7577692799021312,0.7833426651735722,0.6000000000000001,0.7542979942693411,0.7757879656160458,0.55,0.7534680049736002,0.7753590441597968,0.55,0.754297994269341,0.7757879656160458,0.55,0.754297994269341,0.7757879656160458,0.55,0.754297994269341,0.7757879656160458,0.55,0.5085959885386819,0.5515759312320917,0.55,0.55,0.7876823338735819,0.7278562259306803,0.6962750716332379,0.8123209169054442,0.7391634980988593,0.7677725118483412,0.7534680049736002,0.754297994269341,0.7536231884057971,0.8021978021978022,0.8194842406876791,0.7320916905444126,0.785175017158545,0.7655430711610486,0.7753590441597968,0.7757879656160458,0.7536231884057971,0.8021978021978022,0.8194842406876791,0.7320916905444126,0.785175017158545,0.7655430711610486,0.7753590441597968,0.7757879656160458,0.0,0.5,0.0,1.0,0.0,0.6666666666666666,0.3333333333333333,0.5
(d) Cross-lingual and Cross-Domain,ES_expl,earthquake_flood,en,25831,25831,explosion,es,747,747,MUSE+LF,1.0,1.0,1.0,0.8575049864787128,0.7530413625304136,0.9565217391304348,0.75,0.8286479250334672,1.0,0.0,0.7890376035691524,0.7942528735632184,0.45,0.7812825860271115,0.7925069901102884,0.35000000000000003,0.7784471218206157,0.7784471218206157,0.5,0.7778873711996572,0.7778873711996572,0.5,0.7784471218206158,0.7784471218206158,0.5,0.7784471218206158,0.7784471218206158,0.5,0.7784471218206158,0.7784471218206158,0.5,0.5568942436412316,0.5568942436412316,0.5,0.51,0.8095238095238095,0.7530413625304136,0.7282463186077643,0.8286479250334672,0.766737138830162,0.7890376035691524,0.7778873711996572,0.7784471218206158,0.8095238095238095,0.7530413625304136,0.7282463186077643,0.8286479250334672,0.766737138830162,0.7890376035691524,0.7778873711996572,0.7784471218206158,0.7860082304526749,0.7725490196078432,0.7670682730923695,0.7911646586345381,0.7764227642276423,0.7817460317460317,0.779084397986837,0.7791164658634538,0.0,0.5,0.0,1.0,0.0,0.6666666666666666,0.3333333333333333,0.5
(d) Cross-lingual and Cross-Domain,IT_flood,explosion_earthquake,en,17209,17209,flood,it,1759,1759,MUSE+LF,1.0,1.0,1.0,0.8368074397535165,0.7501410039481106,1.0,0.9,0.7561114269471291,1.0,0.0,0.753114382785957,0.7733197035522618,0.45,0.7521478658709034,0.7855953516008236,0.30000000000000004,0.7521318931210915,0.7521318931210915,0.5,0.7521279676486863,0.7521279676486863,0.5,0.7521318931210915,0.7521318931210915,0.5,0.7521318931210915,0.7521318931210915,0.5,0.7521318931210915,0.7521318931210915,0.5,0.504263786242183,0.504263786242183,0.5,0.49,0.7541547277936963,0.7501410039481106,0.748152359295054,0.7561114269471291,0.7511415525114156,0.753114382785957,0.7521279676486863,0.7521318931210915,0.7541547277936963,0.7501410039481106,0.748152359295054,0.7561114269471291,0.7511415525114156,0.753114382785957,0.7521279676486863,0.7521318931210915,0.7702946482260974,0.7423180592991914,0.7282546901648664,0.7828311540648095,0.7486849795441263,0.7620365246264527,0.7553607520852894,0.755542922114838,0.0,0.5,0.0,1.0,0.0,0.6666666666666666,0.3333333333333333,0.5
(d) Cross-lingual and Cross-Domain,ES_quake,explosion_flood,en,17860,17860,earthquake,es,2507,2507,MUSE+LF,0.9999999999999999,0.9999720052630106,0.9999720044792614,0.886828567287224,0.7285714285714285,0.9704301075268817,0.8,0.9154367770243319,1.0,0.0,0.8113841258617642,0.8131235610130468,0.55,0.8074187614960147,0.8076630143719544,0.55,0.7871958516154767,0.8057439170323095,0.55,0.7836376131482237,0.8054405180480517,0.55,0.7871958516154767,0.8057439170323095,0.55,0.7871958516154767,0.8057439170323095,0.55,0.7871958516154767,0.8057439170323095,0.55,0.5743917032309533,0.611487834064619,0.55,0.58,0.8862660944206009,0.7285714285714285,0.6589549262066214,0.9154367770243319,0.7558911004346831,0.8113841258617642,0.7836376131482237,0.7871958516154767,0.8319618882633174,0.7833641404805914,0.7662544874351815,0.8452333466294376,0.7977574750830565,0.8131235610130468,0.8054405180480517,0.8057439170323095,0.7976098689282961,0.8190082644628099,0.8252891902672517,0.7905863581970483,0.8112134875514604,0.8045463771057438,0.8078799323286021,0.80793777423215,0.0,0.5,0.0,1.0,0.0,0.6666666666666666,0.3333333333333333,0.5
(d) Cross-lingual and Cross-Domain,IT_quake,explosion_flood,en,17860,17860,earthquake,it,698,698,MUSE+LF,1.0,1.0,1.0,0.8234107273339298,0.7276315789473684,1.0,0.9500000000000001,0.7922636103151862,1.0,0.0,0.7585733882030178,0.7741935483870966,0.45,0.7498220787818604,0.7620391466445733,0.45,0.7478510028653296,0.7492836676217765,0.45,0.7473526611180006,0.7473526611180006,0.5,0.7478510028653295,0.7492836676217765,0.45,0.7478510028653295,0.7492836676217765,0.45,0.7478510028653295,0.7492836676217765,0.45,0.49570200573065903,0.498567335243553,0.45,0.45,0.7720125786163522,0.7276315789473684,0.7034383954154728,0.7922636103151862,0.7361319340329835,0.7585733882030178,0.7473526611180006,0.7478510028653295,0.8198529411764706,0.704225352112676,0.6389684813753582,0.8595988538681948,0.7181964573268921,0.7741935483870966,0.7461950028569944,0.7492836676217765,0.8198529411764706,0.704225352112676,0.6389684813753582,0.8595988538681948,0.7181964573268921,0.7741935483870966,0.7461950028569944,0.7492836676217765,0.0,0.5,0.0,1.0,0.0,0.6666666666666666,0.3333333333333333,0.5
(e) Cross-lingual and Multi-Domain,ES_expl,explosion_earthquake_flood,en,31730,31730,explosion,es,747,747,MUSE+LF,1.0,1.0,1.0,0.8336684533762,0.7199074074074074,1.0,0.8500000000000001,0.8326639892904953,1.0,0.0,0.7721911855990068,0.7799097065462753,0.45,0.7607473544973545,0.7897610121836927,0.4,0.7543507362784472,0.7543507362784472,0.5,0.7528348811074191,0.7528348811074191,0.5,0.7543507362784472,0.7543507362784472,0.5,0.7543507362784472,0.7543507362784472,0.5,0.7543507362784472,0.7543507362784472,0.5,0.5087014725568942,0.5087014725568942,0.5,0.52,0.8015873015873016,0.7199074074074074,0.6760374832663989,0.8326639892904953,0.7334785766158315,0.7721911855990068,0.7528348811074191,0.7543507362784472,0.8015873015873016,0.7199074074074074,0.6760374832663989,0.8326639892904953,0.7334785766158315,0.7721911855990068,0.7528348811074191,0.7543507362784472,0.7685834502103787,0.7451984635083226,0.7336010709504686,0.7791164658634538,0.7506849315068493,0.7617801047120419,0.7562325181094456,0.7563587684069611,0.0,0.5,0.0,1.0,0.0,0.6666666666666666,0.3333333333333333,0.5
(e) Cross-lingual and Multi-Domain,IT_flood,explosion_earthquake_flood,en,31622,31622,flood,it,1759,1759,MUSE+LF,1.0,0.9999841879733725,0.9999841882233848,0.8797300393881091,0.7634746206174777,1.0,0.9,0.8294485503126776,1.0,0.0,0.7950953678474114,0.8147586555471318,0.45,0.7883956799415951,0.8183926020785106,0.35000000000000003,0.786242183058556,0.7916429789653212,0.45,0.7858423957478293,0.7883471744770411,0.45,0.786242183058556,0.7916429789653212,0.45,0.786242183058556,0.7916429789653212,0.45,0.786242183058556,0.7916429789653212,0.45,0.572484366117112,0.5832859579306424,0.45,0.48,0.8133167392657125,0.7634746206174777,0.7430358158044343,0.8294485503126776,0.7765894236482472,0.7950953678474114,0.7858423957478293,0.786242183058556,0.8886363636363637,0.7333939945404914,0.6668561682774303,0.9164297896532121,0.7619356934069503,0.8147586555471318,0.7883471744770411,0.7916429789653212,0.8471849865951743,0.7556762092793682,0.7185901080159182,0.870380898237635,0.7776068901876346,0.8089828269484808,0.7932948585680577,0.7944855031267766,0.0,0.5,0.0,1.0,0.0,0.6666666666666666,0.3333333333333333,0.5
(e) Cross-lingual and Multi-Domain,ES_quake,explosion_earthquake_flood,en,28173,28173,earthquake,es,2507,2507,MUSE+LF,1.0,1.0,1.0,0.8754367706600219,0.7222576530612245,0.9545454545454546,0.8,0.9034702832070204,1.0,0.0,0.8027644869750133,0.8036547433903576,0.55,0.7966985815891852,0.7993690003221046,0.55,0.7780215396888712,0.7985640207419226,0.55,0.7744723233050665,0.7984285182963253,0.55,0.7780215396888711,0.7985640207419226,0.55,0.7780215396888711,0.7985640207419226,0.55,0.7780215396888711,0.7985640207419226,0.55,0.5560430793777423,0.5971280414838452,0.55,0.55,0.8711395101171459,0.7222576530612245,0.652572796170722,0.9034702832070204,0.7461801596351197,0.8027644869750133,0.7744723233050665,0.7780215396888711,0.8148927219183845,0.7838452787258248,0.7726366174710809,0.8244914240127642,0.7932022932022931,0.8036547433903576,0.7984285182963253,0.7985640207419226,0.8148927219183845,0.7838452787258248,0.7726366174710809,0.8244914240127642,0.7932022932022931,0.8036547433903576,0.7984285182963253,0.7985640207419226,0.0,0.5,0.0,1.0,0.0,0.6666666666666666,0.3333333333333333,0.5
(e) Cross-lingual and Multi-Domain,IT_quake,explosion_earthquake_flood,en,31561,31561,earthquake,it,698,698,MUSE+LF,1.0,1.0,1.0,0.8507555356688369,0.7447643979057592,1.0,0.9500000000000001,0.8151862464183381,1.0,0.0,0.7783857729138167,0.7783857729138167,0.5,0.7703252369275632,0.7703252369275632,0.5,0.7679083094555874,0.7679083094555874,0.5,0.767388375178713,0.767388375178713,0.5,0.7679083094555874,0.7679083094555874,0.5,0.7679083094555874,0.7679083094555874,0.5,0.7679083094555874,0.7679083094555874,0.5,0.5358166189111748,0.5358166189111748,0.5,0.53,0.7958860759493671,0.7447643979057592,0.7206303724928367,0.8151862464183381,0.7563909774436091,0.7783857729138167,0.767388375178713,0.7679083094555874,0.7958860759493671,0.7447643979057592,0.7206303724928367,0.8151862464183381,0.7563909774436091,0.7783857729138167,0.767388375178713,0.7679083094555874,0.7739628040057225,0.7747489239598279,0.7750716332378224,0.7736389684813754,0.7745168217609163,0.7741935483870969,0.7743551850740066,0.7743553008595988,0.0,0.5,0.0,1.0,0.0,0.6666666666666666,0.3333333333333333,0.5
(f) Multi-lingual and Multi-Domain,ES_expl,explosion_earthquake_flood,en_es,34884,34884,explosion,es,747,747,MUSE+LF,1.0,0.9999856669867706,0.9999856667813294,0.8611922029931417,0.6754468485418627,1.0,0.9500000000000001,0.9611780455153949,1.0,0.0,0.7933701657458564,0.8077601410934743,0.55,0.8040807328556181,0.8072702943800178,0.45,0.749665327978581,0.7811244979919678,0.55,0.7379414495961879,0.779068558563726,0.6000000000000001,0.749665327978581,0.7811244979919679,0.55,0.749665327978581,0.7811244979919679,0.55,0.7496653279785809,0.7811244979919678,0.55,0.499330655957162,0.5622489959839357,0.55,0.55,0.9327146171693735,0.6754468485418627,0.5381526104417671,0.9611780455153949,0.6825127334465194,0.7933701657458564,0.7379414495961879,0.749665327978581,0.8888888888888888,0.720125786163522,0.642570281124498,0.9196787148594378,0.7459207459207459,0.8077601410934743,0.7768404435071101,0.7811244979919679,0.8888888888888888,0.720125786163522,0.642570281124498,0.9196787148594378,0.7459207459207459,0.8077601410934743,0.7768404435071101,0.7811244979919679,0.0,0.5,0.0,1.0,0.0,0.6666666666666666,0.3333333333333333,0.5
(f) Multi-lingual and Multi-Domain,IT_flood,explosion_earthquake_flood,en_it,33843,33843,flood,it,1759,1759,MUSE+LF,1.0,1.0,1.0,0.9033459369680368,0.7209595959595959,1.0,0.9500000000000001,0.9738487777146105,1.0,0.0,0.8285368802902056,0.8370656370656371,0.55,0.8403396929009889,0.8403396929009889,0.5,0.7984650369528141,0.8200682205798749,0.55,0.7920691985042893,0.8180885151370711,0.55,0.7984650369528141,0.8200682205798749,0.55,0.7984650369528141,0.8200682205798749,0.55,0.7984650369528141,0.8200682205798749,0.55,0.5969300739056282,0.6401364411597499,0.55,0.55,0.9597197898423818,0.7209595959595959,0.6230812961910176,0.9738487777146105,0.755601516718373,0.8285368802902056,0.7920691985042893,0.7984650369528141,0.9044540229885057,0.7648165569143932,0.7157475838544628,0.9243888573052871,0.7991113932085052,0.8370656370656371,0.8180885151370711,0.8200682205798749,0.9044540229885057,0.7648165569143932,0.7157475838544628,0.9243888573052871,0.7991113932085052,0.8370656370656371,0.8180885151370711,0.8200682205798749,0.0,0.5,0.0,1.0,0.0,0.6666666666666666,0.3333333333333333,0.5
(f) Multi-lingual and Multi-Domain,ES_quake,explosion_earthquake_flood,en_es,33630,33630,earthquake,es,2507,2507,MUSE+LF,0.9999999999999999,1.0,1.0,0.9001328390598068,0.6284605433376456,1.0,1.0,0.96888711607499,1.0,0.0,0.7623979912115505,0.8279360124853686,0.7000000000000001,0.7802877129220864,0.8247406737818463,0.7000000000000001,0.6980454726765057,0.8240925408855205,0.7000000000000001,0.6741421028267818,0.8240047259489266,0.7000000000000001,0.6980454726765057,0.8240925408855205,0.7000000000000001,0.6980454726765057,0.8240925408855205,0.7000000000000001,0.6980454726765057,0.8240925408855206,0.7000000000000001,0.3960909453530116,0.6481850817710411,0.7000000000000001,0.71,0.9321148825065274,0.6284605433376456,0.42720382927802153,0.96888711607499,0.5858862144420132,0.7623979912115505,0.6741421028267818,0.6980454726765057,0.8392484342379958,0.8102329133256968,0.8017550857598723,0.8464299960111688,0.8200734394124846,0.8279360124853686,0.8240047259489266,0.8240925408855205,0.8392484342379958,0.8102329133256968,0.8017550857598723,0.8464299960111688,0.8200734394124846,0.8279360124853686,0.8240047259489266,0.8240925408855205,0.0,0.5,0.0,1.0,0.0,0.6666666666666666,0.3333333333333333,0.5
(f) Multi-lingual and Multi-Domain,IT_quake,explosion_earthquake_flood,en_it,33760,33760,earthquake,it,698,698,MUSE+LF,1.0,1.0,1.0,0.8908547548870699,0.6522988505747126,1.0,1.0,0.9756446991404012,1.0,0.0,0.7818599311136625,0.8201634877384195,0.65,0.802001698014629,0.8142317746151613,0.65,0.7277936962750716,0.8108882521489972,0.65,0.7099775846044503,0.8103838586728351,0.65,0.7277936962750716,0.8108882521489972,0.65,0.7277936962750716,0.8108882521489972,0.65,0.7277936962750716,0.8108882521489972,0.65,0.45558739255014324,0.6217765042979942,0.65,0.64,0.9517045454545454,0.6522988505747126,0.4799426934097421,0.9756446991404012,0.638095238095238,0.7818599311136625,0.7099775846044503,0.7277936962750716,0.8466453674121406,0.7818181818181819,0.7593123209169055,0.8624641833810889,0.8006042296072508,0.8201634877384195,0.8103838586728351,0.8108882521489972,0.8587848932676518,0.7776365946632783,0.7492836676217765,0.8767908309455588,0.8003060443764345,0.8242424242424242,0.8122742343094294,0.8130372492836676,0.0,0.5,0.0,1.0,0.0,0.6666666666666666,0.3333333333333333,0.5
(g) Monolingual and Multi-Domain,EN_expl,explosion_earthquake_flood,en,25831,25831,explosion,en,4415,4641,MUSE+LF,1.0,1.0,1.0,0.972057194687266,0.9565217391304348,1.0,0.9500000000000001,0.8371460928652321,1.0,0.0,0.8928614566976688,0.9151756129887343,0.35000000000000003,0.9090197293495009,0.9165960884229227,0.4,0.9004734989213039,0.9165530869547924,0.4,0.9013275045107382,0.9165736806952216,0.4,0.902053886925795,0.9166298586572438,0.4,0.902053886925795,0.9166298586572438,0.4,0.902053886925795,0.9166298586572438,0.4,0.8033882533917585,0.833147526296796,0.4,0.38,0.861517719568567,0.9565217391304348,0.9638009049773756,0.8371460928652321,0.9097935523238075,0.8928614566976688,0.9013275045107382,0.902053886925795,0.9178494623655914,0.9153427144802542,0.9196293902176255,0.9134767836919593,0.9187385642019158,0.9144087971885274,0.9165736806952216,0.9166298586572438,0.9285714285714286,0.9050884955752212,0.907563025210084,0.9266138165345413,0.9179470415168356,0.9157246782316733,0.9168358598742544,0.9168507067137809,0.5124779151943463,0.0,1.0,0.0,0.6776666423304374,0.0,0.3388333211652187,0.5124779151943463
(g) Monolingual and Multi-Domain,EN_flood,explosion_earthquake_flood,en,23458,23458,flood,en,8272,8272,MUSE+LF,1.0,1.0,1.0,0.9496249407242722,0.861942437793831,1.0,1.0,0.9087282398452611,1.0,0.0,0.8847172365091509,0.8847172365091509,0.5,0.8827160738119098,0.8837962153599087,0.55,0.8815884912959381,0.8834622823984526,0.55,0.8815012091213043,0.8834369276330887,0.55,0.8815884912959381,0.8834622823984526,0.55,0.8815884912959381,0.8834622823984526,0.55,0.8815884912959381,0.8834622823984526,0.55,0.7631769825918762,0.7669245647969052,0.55,0.53,0.9034897098299884,0.861942437793831,0.8544487427466151,0.9087282398452611,0.8782851817334576,0.8847172365091509,0.8815012091213043,0.8815884912959381,0.8724753405354626,0.8951170901843548,0.89821083172147,0.8687137330754352,0.8851560638551345,0.8817177914110429,0.8834369276330887,0.8834622823984526,0.8850672156957733,0.8836732231205503,0.8834622823984526,0.8852756286266924,0.8842640208119062,0.8844737001026632,0.8843688604572848,0.8843689555125726,0.0,0.5,0.0,1.0,0.0,0.6666666666666666,0.3333333333333333,0.5
(g) Monolingual and Multi-Domain,EN_quake,explosion_earthquake_flood,en,23119,23119,earthquake,en,8611,8611,MUSE+LF,1.0,1.0,1.0,0.9287022736189318,0.8204021475944836,1.0,1.0,0.9050052258738822,1.0,0.0,0.8606294864715627,0.8606294864715627,0.5,0.8572423789895246,0.8585536318993142,0.45,0.853443270235745,0.8541400534200441,0.55,0.8530525906705799,0.8541327334325974,0.55,0.853443270235745,0.8541400534200442,0.55,0.853443270235745,0.8541400534200442,0.55,0.853443270235745,0.8541400534200442,0.55,0.7068865404714899,0.7082801068400882,0.55,0.52,0.8940826103845656,0.8204021475944836,0.8018813145976077,0.9050052258738822,0.8454756948695972,0.8606294864715627,0.8530525906705799,0.853443270235745,0.8592295912357168,0.8491927172792855,0.8470560910463361,0.8612240157937522,0.8530994152046784,0.8551660516605165,0.8541327334325974,0.8541400534200442,0.882375,0.8317067881153762,0.8197654163279526,0.8907211705957496,0.8499187285533684,0.8602029944484945,0.8550608615009314,0.8552432934618511,0.0,0.5,0.0,1.0,0.0,0.6666666666666666,0.3333333333333333,0.5
